global_id,ID,AdmArea,District,NameOfPark,ObjectType,Name,Location,Longitude_WGS84,Latitude_WGS84,WorkingHours,PaidService,InventoryRental,HasDressingRoom,SharpeningSkates,HireSkatersAssistants,Square,Length,LightingAvailability
2836096659,211,Северо-Западный административный округ,район Митино,"{""value"": ""Ландшафтный парк «Митино»"", ""global_id"": 4331832}",каток с искусственным покрытием,Каток в ландшафтном парке «Митино»,"ул. Пенягинская, д.16",37.363983,55.835532,10:00-21:00 (понедельник - санитарный день),платно,да,да,да,да,4000,,
2836096669,190,Северо-Западный административный округ,район Митино,"{""value"": ""Ландшафтный парк «Митино»"", ""global_id"": 4331832}",естественная снежная горка,Горка с естественным оснежением,"ул. Пенягинская, д.16 (напротив дома вход в парк)",37.361907,55.835298,Круглосуточно,бесплатно,да,нет,,,,,
2836096687,212,Северо-Западный административный округ,район Митино,"{""value"": ""Ландшафтный парк «Митино»"", ""global_id"": 4331832}",каток с искусственным покрытием,Каток в ландшафтном парке «Митино»,Находится рядом со скейт парком и павильоном администрации на улице 2-я Рословка,37.374613,55.832647,10:00-21:00 (понедельник - санитарный день),платно,да,да,да,да,800,,
2836096705,191,Северо-Западный административный округ,район Митино,"{""value"": ""Ландшафтный парк «Митино»"", ""global_id"": 4331832}",естественная снежная горка,Горка с естественным оснежением,"ул. Пенягинская, д.16 (напротив дома вход в парк)",37.362015,55.835101,Круглосуточно,бесплатно,да,нет,,,,,
2836096757,192,Юго-Западный административный округ,Обручевский район,"{""value"": ""Усадьба «Воронцово»"", ""global_id"": 4331842}",естественная снежная горка,Горка № 2,склон третьего Вороновского пруда,37.529511,55.668106,Круглосуточно,бесплатно,нет,нет,,,,,
2836096774,193,Юго-Западный административный округ,Обручевский район,"{""value"": ""Усадьба «Воронцово»"", ""global_id"": 4331842}",естественная снежная горка,Горка № 1,"Воронцовский парк, д. 3 (около сцены)",37.533371,55.667191,Круглосуточно,бесплатно,нет,нет,,,,,
2836096871,213,Центральный административный округ,Басманный район,"{""value"": ""Сад культуры и отдыха имени Н.Э. Баумана"", ""global_id"": 4331848}",каток с искусственным покрытием,Каток в саду  Н.Э. Баумана,"Старая Басманная ул., ул. Новая Басманная, влд.15",37.659473,55.768728,Ежедневно с 10:00-22:00,платно,да,да,да,да,1000,,
2836096886,214,Юго-Западный административный округ,Обручевский район,"{""value"": ""Усадьба «Воронцово»"", ""global_id"": 4331842}",каток с искусственным покрытием,Каток «Лайф»,"Воронцовский парк, д.1",37.541091,55.666867,Ежедневно с 10:00-22:00,платно,да,да,да,да,800,,
2836096907,215,Юго-Западный административный округ,Обручевский район,"{""value"": ""Усадьба «Воронцово»"", ""global_id"": 4331842}",каток с естественным покрытием,Каток «Усадебный»,"Воронцовский парк, д.6",37.531017,55.666792,Ежедневно с 10:00-22:00,платно,да,да,да,да,1200,,
2836096923,216,Центральный административный округ,район Якиманка,"{""value"": ""ЦПКиО им. М. Горького"", ""global_id"": 4331807}",каток с искусственным покрытием,Каток культуры и отдыха,"Крымский вал, з/у 9 - у главного входа в Парк",37.603783,55.731783,Ежедневно с 09:30-23:00,платно,да,да,да,нет,2330,,
2836096961,217,Северо-Западный административный округ,район Хорошёво-Мнёвники,"{""value"": ""Памятник природы «Серебряный Бор»"", ""global_id"": 2663229354}",каток с естественным покрытием,Каток в ПП «Серебряный Бор»,"ул. Таманская, вл.46, стр.1",37.414665,55.790518,"Будни с 10:00-22:00, выходные и праздничные дни с 09:00-23.00",бесплатно,да,да,да,да,800,,
2836096962,194,Южный административный округ,район Нагатино-Садовники,"{""value"": ""Парк имени Юрия Лужкова"", ""global_id"": 4331839}",естественная снежная горка,Горки №1 в  Парк имени Юрия Лужкова,"пр-кт. Андропова, д. 58А",37.649087,55.660631,Круглосуточно,бесплатно,нет,нет,,,,,
2836096983,195,Юго-Восточный административный округ,район Кузьминки,"{""value"": ""Природно-исторический парк Кузьминки-Люблино"", ""global_id"": 64864009}",естественная снежная горка,Горка №2 ПИП «Кузьминки-Люблино»," Кузьминский парк, д. 1, стр. 2",37.77100448369941,55.69287741523671,Круглосуточно,бесплатно,нет,нет,,,,,
2836096994,196,Юго-Восточный административный округ,район Выхино-Жулебино,"{""value"": ""Природно-исторический парк Кузьминки-Люблино"", ""global_id"": 64864009}",горка (сборная конструкция),Горка №3 ПИП «Кузьминки-Люблино»,"Тополевая аллея, д.6,стр.2",37.79334138818318,55.69093748361942,Ежедневно: 10:00-16:00,бесплатно,нет,нет,,,,,
2836097027,197,Юго-Восточный административный округ,район Выхино-Жулебино,"{""value"": ""Природно-исторический парк Кузьминки-Люблино"", ""global_id"": 64864009}",горка (сборная конструкция),Горка №4 ПИП «Кузьминки-Люблино»,"Тополевая аллея, д.6,стр.2",37.79334138818318,55.69093748361942,Ежедневно: 10:00-16:00,бесплатно,нет,нет,,,,,
2836097290,198,Центральный административный округ,Таганский район,"{""value"": ""Парк «Таганский» («Детский парк им. Прямикова»)"", ""global_id"": 64856494}",горка (сборная конструкция),Зимняя горка,возле центральной площади,37.661468,55.741421,Ежедневно: 10:00-20:00,бесплатно,нет,нет,,,,,
2836097315,199,Восточный административный округ,район Вешняки,"{""value"": ""Парк у прудов «Радуга»"", ""global_id"": 4331793}",горка (сборная конструкция),Деревянная тюбинговая горка,аллея Жемчуговой владение 5,37.826516,55.730932,Ежедневно: 12:00-17:00,платно,да,нет,,,,,
2836097337,200,Западный административный округ,район Проспект Вернадского,"{""value"": ""Парк «50-летия Октября»"", ""global_id"": 4331863}",естественная снежная горка,Горка в парке 50-летия Октября,"улица Удальцова, владение 22",37.507102,55.679124,Ежедневно: 10:00-21:00,платно,да,нет,,,,,
2836097368,201,Западный административный округ,район Филёвский Парк,"{""value"": ""Парк «Фили»"", ""global_id"": 4331786}",горка (сборная конструкция),Горка на территории парка «Фили»,"улица Большая Филевская, дом 22, строение 15",37.490671,55.746964,"Будни дни: 12:00-20:00, выходные и праздничные дни: 10:00-20:00",бесплатно,нет,нет,,,,,
2836097425,203,Южный административный округ,район Орехово-Борисово Северное,"{""value"": ""Государственный музей-заповедник «Царицыно»"", ""global_id"": 4331869}",естественная снежная горка,"Тюбинговая горка
(оборудованный спуск для проката тюбингов)",между Усадьбой и Большим мостом через овраг,37.681163,55.617527,"Будние дни: 13:00-20:00, выходные и праздничные дни: 10:00-21:00.",платно,да,нет,,,,,
2836097490,204,Южный административный округ,район Орехово-Борисово Северное,"{""value"": ""Парк по Борисовским прудам"", ""global_id"": 4331852}",естественная снежная горка,"Тюбинговая горка (не обустроенная)
",тюбинговая горка у Каширского шоссе д.80,37.726650,55.628975,Ежедневно: 10:00-18:00,бесплатно,нет,нет,,,,,
2836097518,205,Северо-Западный административный округ,район Строгино,"{""value"": ""Природно-исторический парк Москворецкий"", ""global_id"": 2663245071}",всесезонная тюбинговая горка,Всесезонная тюбинговая горка,Строгинское ш.,37.418850,55.803569,Ежедневно: 11:00-19:00,платно,да,нет,,,,,
2836097541,206,Восточный административный округ,район Измайлово,"{""value"": ""Измайловский парк"", ""global_id"": 4331846}",горка (сборная конструкция),Зимняя заливная деревянная горка «Савушка Зима»,"Северная часть парка, напротив малого колеса обозрения",37.749248,55.770225,Ср-Вс: 11:00-20:00,бесплатно,нет,нет,,,,,
2836098189,207,Восточный административный округ,район Измайлово,"{""value"": ""Измайловский парк"", ""global_id"": 4331846}",горка (сборная конструкция),Зимняя заливная деревянная горка «Савушка Зима»,"Центральная часть парка, рядом со входом Соколиная гора",37.751705,55.782445,"Пн-Вт, Пт-Вс 11:00-20:00",бесплатно,нет,нет,,,,,
2836098219,208,Южный административный округ,район Нагатинский Затон,"{""value"": ""Территория усадьбы «Коломенское»"", ""global_id"": 4331857}",естественная снежная горка,Зимняя горка,Территория усадьбы «Коломенское»,37.673079,55.671031,Ежедневно: 11:00-19:00,бесплатно,нет,нет,,,,,
2836098251,209,Южный административный округ,район Нагатинский Затон,"{""value"": ""Территория усадьбы «Коломенское»"", ""global_id"": 4331857}",естественная снежная горка,Зимняя горка,Территория усадьбы «Коломенское»,37.673034,55.670939,Ежедневно: 11:00-19:00,бесплатно,нет,нет,,,,,
2836098852,218,Восточный административный округ,район Измайлово,"{""value"": ""Измайловский парк"", ""global_id"": 4331846}",каток с искусственным покрытием,Каток «Серебряный лёд»,"Московский проспект, д. 2, стр. 2",37.750317,55.775505,Понедельник-четверг с 10:00-22:00; пятница-воскресенье и праздничные дни с 10:00-23:00,платно,да,да,да,да,3300,,
2836098980,219,Восточный административный округ,район Измайлово,"{""value"": ""Измайловский парк"", ""global_id"": 4331846}",каток с естественным покрытием,Каток «Серебряный лёд»,"Московский проспект, д. 2, стр. 2",37.750591,55.775942,Понедельник-четверг с 10:00-22:00; пятница-воскресенье и праздничные дни с 10:00-23:00,платно,да,да,да,да,7700,,
2836099025,220,Восточный административный округ,район Измайлово,"{""value"": ""Измайловский парк"", ""global_id"": 4331846}",каток с естественным покрытием,Каток «Серебряный лёд»,"Московский проспект, д. 2, стр. 2",37.751497,55.776086,Понедельник-четверг с 10:00-22:00; пятница-воскресенье и праздничные дни с 10:00-23:00,платно,да,да,да,да,300,,
2836099046,221,Центральный административный округ,Пресненский район,"{""value"": ""Парк «Красная Пресня» (основная территория)"", ""global_id"": 4331849}",каток с искусственным покрытием,Каток в парке «Красная Пресня»,"улица Мантулинская, з/у 5/1",37.549032,55.755124,Ежедневно с 10:00-23:00,платно,да,да,да,да,1250,,
2836099073,222,Юго-Восточный административный округ,район Кузьминки,"{""value"": ""Парк культуры и отдыха «Кузьминки» (основная территория)"", ""global_id"": 4331808}",каток с искусственным покрытием,Каток в ПКиО «Кузьминки»,"Кузьминский парк, д. 1, стр.2",37.767900,55.694111,Будни с 10:00-22:00; выходные с 10:00-23:00,платно/бесплатно для льготной категории,да,да,да,да,1200,,
2836099096,223,Южный административный округ,район Нагатино-Садовники,"{""value"": ""Парк имени Юрия Лужкова"", ""global_id"": 4331839}",каток с искусственным покрытием,Каток в Парке имени Юрия Лужкова,"проспект Андропова, д. 58А",37.652086,55.660318,Будни с 10:00-22:00; выходные с 10:00-23:00,платно/бесплатно для льготной категории,да,да,да,да,1375,,
2836099138,224,Северо-Западный административный округ,район Северное Тушино,"{""value"": ""Парк «Северное Тушино»"", ""global_id"": 4331867}",каток с естественным покрытием,Каток в парке «Северное Тушино»,"улица Свободы, владение 50-70",37.451673,55.861962,Ежедневно с 09:00-22:00,бесплатно,нет,да,нет,нет,450,,
2836100706,225,Восточный административный округ,район Сокольники,"{""value"": ""Парк Сокольники"", ""global_id"": 4331866}",каток с искусственным покрытием,Каток «Лёд»,Фестивальная площадь,37.675138,55.797532,Ежедневно с 10:00-23:00,платно,да,да,да,да,5300,,
2836100934,226,Восточный административный округ,район Сокольники,"{""value"": ""Парк Сокольники"", ""global_id"": 4331866}",каток с естественным покрытием,Каток «Хоккейная площадка»,"Митьковский проезд, д.5, за ДДТ",37.662260,55.795303,Ежедневно с 10:00-22:00,бесплатно,нет,да,нет,нет,800,,
2836102521,227,Восточный административный округ,район Метрогородок,"{""value"": ""Парк Сокольники"", ""global_id"": 4331866}",каток с естественным покрытием,"Каток №1, около ФОК","Лосиноостровская ул., д. 31, корп.1 ",37.719886,55.827491,Ежедневно с 07:00-23:00,бесплатно,нет,да,нет,нет,800,,
2836106430,228,Восточный административный округ,район Гольяново,"{""value"": ""Парк Сокольники"", ""global_id"": 4331866}",каток с естественным покрытием,"Каток №2, около ФОК","улица Курганская, д.8, корп.1",37.821358,55.830302,Ежедневно с 07:00-23:00,бесплатно,нет,да,нет,нет,800,,
2836106614,229,Восточный административный округ,район Метрогородок,"{""value"": ""Парк Сокольники"", ""global_id"": 4331866}",каток с естественным покрытием,"Каток №3, около ФОК"," Ярославское шоссе, д. 120, корп. 5 ",37.713975,55.866086,Ежедневно с 10:00-20:00,бесплатно,нет,да,нет,нет,800,,
2836106815,230,Центральный административный округ,Таганский район,"{""value"": ""Парк Таганский (Основная территория)"", ""global_id"": 4331787}",каток с искусственным покрытием,Каток в парке «Таганский»,"улица Таганская, д. 40-42",37.666978,55.737512,Ежедневно с 10:00-22:00,платно,да,да,да,да,4600,,
2836107019,231,Восточный административный округ,район Вешняки,"{""value"": ""Парк у прудов «Радуга»"", ""global_id"": 4331793}",каток с естественным покрытием,Каток в парке у прудов Радуга,"аллея Жемчуговой, владение 5",37.826711,55.729785,Ежедневно с 10:00-21:00,бесплатно,нет,нет,нет,нет,800,,
2836107261,232,Западный административный округ,район Филёвский Парк,"{""value"": ""Парк «Фили»"", ""global_id"": 4331786}",каток с искусственным покрытием,Каток «Полярный»,"улица Новозаводская, д. 18, стр. 1",37.492729,55.752760,Ежедневно с 10:00-22:00,бесплатно,да,да,да,да,800,,
2836164048,233,Западный административный округ,район Проспект Вернадского,"{""value"": ""Парк «50-летия Октября»"", ""global_id"": 4331863}",каток с искусственным покрытием,Каток в парке 50-летия Октября,"улица Удальцова, вл. 22, корп. 3",37.499870,55.686084,Ежедневно с 10:00-22:00,платно,да,да,да,да,1800,,
2836164140,234,Северный административный округ,Хорошёвский район,"{""value"": ""Парк «Ходынское поле» (основная территория)"", ""global_id"": 911801150}",каток с естественным покрытием,Каток в парке «Ходынское поле»,"Ходынский бульвар, д. 34, (напротив)",37.53711,55.78696,Ежедневно с 10:00-22:00,платно,да,да,да,да,3000,,
2836164185,235,Северный административный округ,Хорошёвский район,"{""value"": ""Парк «Ходынское поле» (основная территория)"", ""global_id"": 911801150}",каток с естественным покрытием,Каток в парке «Ходынское поле»,"Ходынский бульвар, д. 34, (напротив)",37.53711,55.78696,Ежедневно с 10:00-22:00,платно,да,да,да,да,300,,
2836164214,238,Северо-Западный административный округ,район Митино,"{""value"": ""Ландшафтный парк «Митино»"", ""global_id"": 4331832}",всепогодная лыжная трасса,Лыжная трасса в зоне отдыха ландшафтного парка «Митино»,"Ландшафтный парк «Митино», ул. Пенягинская напротив дома 16",37.361051,55.835671,Круглосуточно,бесплатно,нет,нет,,,,5.0,да
2836164274,236,Южный административный округ,район Бирюлёво Восточное,"{""value"": ""Государственный музей-заповедник «Царицыно»"", ""global_id"": 4331869}",каток с искусственным покрытием,Рекреационный центр «Огонёк»,"улица Спортивная, вл. 2
",37.66917,55.61032,"Понедельник-четверг, воскресенье с 10:00-21:00; пятница, суббота и праздничные дни с 10:00-00:00",платно,да,да,да,да,1456,,
2836164277,239,Северо-Западный административный округ,район Митино,"{""value"": ""Ландшафтный парк «Митино»"", ""global_id"": 4331832}",лыжная трасса,Лыжная трасса в зоне отдыха ландшафтного парка «Митино»,"Ландшафтный парк «Митино», рядом с Фестивальной площадью",37.358744,55.837997,Круглосуточно,бесплатно,нет,нет,,,,3.0,да
2836164382,240,Северо-Западный административный округ,район Митино,"{""value"": ""Ландшафтный парк «Митино»"", ""global_id"": 4331832}",лыжная трасса,Лыжная трасса в зоне отдыха ландшафтного парка «Митином»,"Ландшафтный парк «Митино», напротив дома 4 ул. Барышиха",37.368188,55.839925,Круглосуточно,бесплатно,нет,нет,,,,1.0,да
2836164423,237,Южный административный округ,район Нагатинский Затон,"{""value"": ""Территория усадьбы «Коломенское»"", ""global_id"": 4331857}",каток с искусственным покрытием,Каток вдоль набережной Москвы-реки,Царская набережная,37.671290,55.663713,Ежедневно с 10:00-22:00,платно,да,да,да,да,14200,,
2836164467,241,Юго-Западный административный округ,Обручевский район,"{""value"": ""Усадьба «Воронцово»"", ""global_id"": 4331842}",всепогодная лыжная трасса,Лыжная трасса №1 в Усадьбе «Воронцово»,"Территория Воронцовский парк, д. 7, с.2",37.5311034085675,55.6648762288114,Ежедневно: 10:00-22:00,бесплатно,нет,да,,,,2.5,да
2836164703,242,Юго-Западный административный округ,Обручевский район,"{""value"": ""Усадьба «Воронцово»"", ""global_id"": 4331842}",лыжная трасса,Лыжная трасса №3 в Усадьбе «Воронцово»,"Территория Воронцовский парк, д. 3",37.5311593970455,55.6682834509287,Ежедневно: 10:00-22:00,бесплатно,нет,да,,,,2.5,да
2836164743,243,Юго-Западный административный округ,Обручевский район,"{""value"": ""Усадьба «Воронцово»"", ""global_id"": 4331842}",лыжная трасса,Лыжная трасса №2 в Усадьбе «Воронцово»,"Территория Воронцовский парк, д. 1",37.5407119569776,55.6664940718818,Ежедневно: 10:00-22:00,бесплатно,нет,да,,,,0.5,да
2836164801,244,Центральный административный округ,район Якиманка,"{""value"": ""ЦПКиО им. М. Горького"", ""global_id"": 4331807}",лыжная трасса,Лыжная трасса в Нескучном саду,"улица Крымский Вал, д. 9, с. 46",37.58816699334881,55.71546472352389,Ежедневно: 10:00 -22:00,бесплатно,нет,нет,,,,3.0,да
2836164890,245,Северо-Западный административный округ,район Строгино,"{""value"": ""Природно-исторический парк Москворецкий"", ""global_id"": 2663245071}",лыжная трасса,Лыжная трасса,"ул. Исаковского, д. 8-39",37.414167,55.813639,Ежедневно: 10:00-22:00,бесплатно,да,да,,,,6.8,да
2836166074,246,Северо-Западный административный округ,район Строгино,"{""value"": ""Природно-исторический парк Москворецкий"", ""global_id"": 2663245071}",лыжная трасса,Лыжная трасса,Щукинский ковш,37.440170,55.805599,Ежедневно: 10:00-22:00,бесплатно,нет,нет,,,,2.0,нет
2836166105,247,Северо-Западный административный округ,район Хорошёво-Мнёвники,"{""value"": ""Памятник природы «Серебряный Бор»"", ""global_id"": 2663229354}",лыжная трасса,Лыжная трасса 2,Большой лесной массив,37.424927,55.778358,Круглосуточно,бесплатно,нет,нет,,,,5.0,нет
2836166155,248,Северо-Западный административный округ,район Хорошёво-Мнёвники,"{""value"": ""Памятник природы «Серебряный Бор»"", ""global_id"": 2663229354}",лыжная трасса,Лыжная трасса 1 ,Район Пескобазы,37.430329,55.776264,Круглосуточно,бесплатно,нет,нет,,,,1.0,нет
2836166199,249,Восточный административный округ,район Ивановское,"{""value"": ""Зона отдыха «Терлецкая Дубрава» в составе Терлецкого лесопарка"", ""global_id"": 4331830}",лыжная трасса,Лыжная трасса в зоне отдыха Терлецкая дубрава,"Свободный проспект, д. 2",37.820020,55.765192,Ежедневно: 10:00-22:00,бесплатно,да,нет,,,,0.5,да
2836166256,250,Восточный административный округ,район Ивановское,"{""value"": ""Зона отдыха «Терлецкая Дубрава» в составе Терлецкого лесопарка"", ""global_id"": 4331830}",лыжная трасса,Лыжная трасса в Терлецком лесопарке,"Владимирский тракт от шоссе Энтузиастов, д. 88",37.801873,55.766349,Ежедневно: 10:00-22:00,бесплатно,да,нет,,,,1.6,да
2836166328,251,Восточный административный округ,район Вешняки,"{""value"": ""Парк у прудов «Радуга»"", ""global_id"": 4331793}",лыжная трасса,Лыжная трасса в парке «Радуга»,"аллея Жемчуговой, вл. 2, стр. 3",37.815741,55.731688,Ежедневно: 10:00-22:01,бесплатно,да,нет,,,,2.5,да
2836167953,252,Восточный административный округ,район Измайлово,"{""value"": ""Измайловский парк"", ""global_id"": 4331846}",лыжная трасса,Лыжная трасса в Измайловском парке,"Московский проспект, д. 2",37.748176,55.776123,Ежедневно: 10:00-22:00,бесплатно,нет,нет,,,,1.0,нет
2836168868,253,Восточный административный округ,район Измайлово,"{""value"": ""Измайловский парк"", ""global_id"": 4331846}",лыжная трасса,Лыжная трасса в Измайловском парке,аллея Большого Круга,37.748928,55.774613,Ежедневно: 10:00-22:00,бесплатно,нет,нет,,,,3.0,да
2836169101,255,Восточный административный округ,район Измайлово,"{""value"": ""Измайловский парк"", ""global_id"": 4331846}",лыжная трасса,Лыжная трасса в Измайловском парке,вдоль Майской аллеи,37.752394,55.784724,Ежедневно: 10:00-22:00,бесплатно,да,нет,,,,5.0,нет
2836169480,254,Восточный административный округ,район Измайлово,"{""value"": ""Измайловский парк"", ""global_id"": 4331846}",лыжная трасса,Лыжная трасса в Измайловском парке,аллея Большого Круга,37.748928,55.774613,Ежедневно: 10:00-22:00,бесплатно,нет,нет,,,,4.5,да
2836169772,256,Восточный административный округ,район Измайлово,"{""value"": ""Измайловский парк"", ""global_id"": 4331846}",лыжная трасса,Лыжная трасса в Измайловском парке,вдоль Майской аллеи,37.752394,55.784724,Ежедневно: 10:00-22:00,бесплатно,да,нет,,,,3.5,нет
2836170164,257,Восточный административный округ,район Измайлово,"{""value"": ""Природно-исторический парк «Измайлово»"", ""global_id"": 2663223381}",лыжная трасса,Лыжная трасса в ПИП Измайлово,"Измайловский проспект, д. 56",37.781438,55.781068,Ежедневно: 10:00-22:00,бесплатно,нет,нет,,,,2.0,нет
2836170486,258,Восточный административный округ,район Измайлово,"{""value"": ""Природно-исторический парк «Измайлово»"", ""global_id"": 2663223381}",лыжная трасса,Лыжная трасса в ПИП Измайлово,"Измайловский проспект, д. 56",37.772043,55.766456,Ежедневно: 10:00-22:00,бесплатно,нет,нет,,,,3.2,нет
2836170765,259,Восточный административный округ,район Измайлово,"{""value"": ""Природно-исторический парк «Измайлово»"", ""global_id"": 2663223381}",лыжная трасса,Лыжная трасса в ПИП Измайлово,"Измайловский проспект, д. 56",37.785197,55.773707,Ежедневно: 10:00-22:00,бесплатно,нет,нет,,,,5.25,нет
2836171010,260,Восточный административный округ,район Измайлово,"{""value"": ""Природно-исторический парк «Измайлово»"", ""global_id"": 2663223381}",лыжная трасса,Лыжная трасса в ПИП Измайлово,"Измайловский проспект, д. 56",37.782298,55.778453,Ежедневно: 10:00-22:00,бесплатно,нет,нет,,,,7.5,нет
2836171368,261,Центральный административный округ,Пресненский район,"{""value"": ""Парк «Красная Пресня» (основная территория)"", ""global_id"": 4331849}",лыжная трасса,Лыжный прогулочный маршрут,"улица Мантулинская, земельный участок 5/1",37.549978,55.754303,Ежедневно: 09:00-18:00,бесплатно,нет,нет,,,,0.5,да
2836174514,262,Южный административный округ,район Нагатино-Садовники,"{""value"": ""Парк имени Юрия Лужкова"", ""global_id"": 4331839}",лыжная трасса,Лыжная трасса №3 в музее-заповеднике «Кузьминки-Люблино»,"проспект Андропова, д. 58А",37.652323,55.659015,Круглосуточно,бесплатно,нет,нет,,,,5.0,да
2836174759,263,Юго-Восточный административный округ,район Кузьминки,"{""value"": ""Природно-исторический парк Кузьминки-Люблино"", ""global_id"": 64864009}",лыжная трасса,Лыжная трасса №2 в музее-заповеднике «Кузьминки-Люблино»,"Кузьминский парк, д. 1, стр.2",37.771523,55.691901,Круглосуточно,бесплатно,нет,нет,,,,5.0,да
2836175012,264,Юго-Восточный административный округ,район Кузьминки,"{""value"": ""Природно-исторический парк Кузьминки-Люблино"", ""global_id"": 64864009}",лыжная трасса,Лыжная трасса №1 в музее-заповеднике «Кузьминки-Люблино»,"Кузьминский парк, д. 1, стр. 2, Яблоневый сад",37.768457,55.695301,Круглосуточно,бесплатно,нет,нет,,,,2.0,нет
2836176257,265,Юго-Восточный административный округ,район Выхино-Жулебино,"{""value"": ""Усадьба «Деда Мороза» в музее-заповеднике «Кузьминки-Люблино»"", ""global_id"": 858837317}",лыжная трасса,Лыжная трасса №7 в музее-заповеднике «Кузьминки-Люблино»,"Волгоградский пр-т, д. 168, Усадьба Деда Мороза",37.810718,55.685992,Круглосуточно,бесплатно,нет,нет,,,,3.1,нет
2836230218,312,Южный административный округ,район Орехово-Борисово Северное,"{""value"": ""Парк по Борисовским прудам"", ""global_id"": 4331852}",лыжная трасса,Лыжная трасса в парке по Борисовским прудам,"Каширское шоссе, д. 80",37.722970,55.629345,Ежедневно: 10:00-22:00,бесплатно,нет,нет,,,,0.8,нет
2836230226,311,Южный административный округ,район Орехово-Борисово Северное,"{""value"": ""Парк по Борисовским прудам"", ""global_id"": 4331852}",лыжная трасса,Лыжная трасса в парке по Борисовским прудам,"Каширское шоссе, д. 80",37.695750,55.624532,Ежедневно: 10:00-22:00,бесплатно,нет,нет,,,,1.2,нет
2836230337,266,Юго-Восточный административный округ,район Люблино,"{""value"": ""Природно-исторический парк Кузьминки-Люблино"", ""global_id"": 64864009}",лыжная трасса,Лыжная трасса №8 в музее-заповеднике «Кузьминки-Люблино»,"ул. Головачева, д. 27",37.821510,55.671580,Круглосуточно,бесплатно,нет,нет,,,,5.4,нет
2836230342,310,Южный административный округ,район Москворечье-Сабурово,"{""value"": ""Зона отдыха Борисовские пруды"", ""global_id"": 4331798}",лыжная трасса,Лыжная трасса в зоне отдыха по Борисовским прудам,"ул. Борисовские пруды, владение 2",37.706510,55.635032,Ежедневно: 10:00-22:00,бесплатно,нет,нет,,,,5.0,нет
2836230352,267,Юго-Восточный административный округ,район Люблино,"{""value"": ""Природно-исторический парк Кузьминки-Люблино"", ""global_id"": 64864009}",лыжная трасса,Лыжная трасса №9 в музее-заповеднике «Кузьминки-Люблино»,"ул. Головачева, д. 23",37.822453,55.671946,Круглосуточно,бесплатно,нет,нет,,,,1.4,нет
2836230365,268,Северо-Восточный административный округ,район Лианозово,"{""value"": ""Усадьба «Алтуфьево»"", ""global_id"": 4331829}",лыжная трасса,Лыжная трасса в усадьбе Алтуфьево,"Алтуфьевское шоссе, д. 147-149",37.578108,55.906024,Ежедневно: 08.00-22.00,бесплатно,нет,нет,,,,0.75,да
2836230396,269,Южный административный округ,район Нагатинский Затон,"{""value"": ""Территория усадьбы «Коломенское»"", ""global_id"": 4331857}",лыжная трасса,Лыжная трасса," проспект Андропова, д. 39, стр. 49",37.6577,55.652676,Ежедневно: 08.00-21.00,бесплатно,да,да,,,,3.0,да
2836230410,270,Восточный административный округ,район Вешняки,"{""value"": ""Природно-исторический парк Кусково"", ""global_id"": 2663228152}",лыжная трасса,Лыжная трасса в лесопарке Кусково,"ул. Юности, вл. 2",37.79994487,55.73479569,Круглосуточно,бесплатно,да,нет,,,,7.0,да
2836230425,271,Восточный административный округ,район Вешняки,"{""value"": ""Природно-исторический парк Кусково"", ""global_id"": 2663228152}",лыжная трасса,Лыжная трасса в лесопарке Кусково,"ул. Юности, вл. 2",37.81005592,55.7318095,Круглосуточно,бесплатно,да,нет,,,,2.0,да
2836230444,272,Северо-Западный административный округ,район Северное Тушино,"{""value"": ""Природно-исторический парк «Тушинский»"", ""global_id"": 2663224473}",всепогодная лыжная трасса,Лыжная трасса в зоне ПИП «Тушинский»,"ул. Вилиса Лациса, д. 26",37.413435,55.862962,Ежедневно: 09:00-22:00,бесплатно,да,да,,,,11.1,да
2836230488,273,Северо-Западный административный округ,район Северное Тушино,"{""value"": ""Парк «Северное Тушино»"", ""global_id"": 4331867}",лыжная трасса,Лыжная трасса в парке «Северное Тушино»,"ул. Свободы, д. 50-70",37.451774,55.858644,Ежедневно: 09:00-22:00,бесплатно,нет,да,,,,1.7,да
2836230493,309,Южный административный округ,район Бирюлёво Восточное,"{""value"": ""Природно-исторический парк «Царицыно»"", ""global_id"": 2663228742}",лыжная трасса,Лыжная трасса в Бирюлевском Дендропарке,"Липецкая улица, напротив д. 26",37.676303,55.591927,Ежедневно с 10:00-22:00,бесплатно,нет,нет,,,,1.5,нет
2836230633,308,Южный административный округ,район Орехово-Борисово Северное,"{""value"": ""Государственный музей-заповедник «Царицыно»"", ""global_id"": 4331869}",лыжная трасса,Лыжная трасса у Нижнего Царицынского пруда,"ул. Баженова, д. 4А, Нижний Царицынский пруд",37.69340,55.62165,Открывается во время соревнований,бесплатно,нет,нет,,,,12.0,нет
2836230726,307,Южный административный округ,район Орехово-Борисово Северное,"{""value"": ""Государственный музей-заповедник «Царицыно»"", ""global_id"": 4331869}",лыжная трасса,Лыжная трасса у Нижнего Царицынского пруда,"ул. Баженова, д. 4А, Нижний Царицынский пруд",37.69340,55.62165,Ежедневно с 10:00-22:00,бесплатно,нет,нет,,,,7.0,нет
2836230733,306,Южный административный округ,район Орехово-Борисово Северное,"{""value"": ""Государственный музей-заповедник «Царицыно»"", ""global_id"": 4331869}",лыжная трасса,Лыжная трасса у Шипиловских ворот (КПП № 7),"ул. Дольская, д. 1, стр. 25, Ореховские склоны",37.696590,55.609311,Ежедневно: 10:00-22:00. Прокат инвентаря: будние дни с 11:00-21:00; выходные и праздничные дни с 10:00-21:00,платно/бесплатно,да,нет,,,,5.0,нет
2836230763,305,Южный административный округ,район Орехово-Борисово Северное,"{""value"": ""Государственный музей-заповедник «Царицыно»"", ""global_id"": 4331869}",лыжная трасса,Лыжная трасса у Шипиловских ворот (КПП № 7),"ул. Дольская, д. 1, стр. 25, Ореховские склоны",37.696590,55.609311,Ежедневно: 10:00-22:00. Прокат инвентаря: будние дни с 11:00-21:00; выходные и праздничные дни с 10:00-21:00,платно/бесплатно,да,нет,,,,3.0,нет
2836230781,304,Южный административный округ,район Орехово-Борисово Северное,"{""value"": ""Государственный музей-заповедник «Царицыно»"", ""global_id"": 4331869}",лыжная трасса,Лыжная трасса у Шипиловских ворот (КПП № 7),"ул. Дольская, д. 1, стр. 25, Ореховские склоны",37.696590,55.609311,Ежедневно: 10:00-22:00. Прокат инвентаря: будние дни с 11:00-21:00; выходные и праздничные дни с 10:00-21:00,"платно/бесплатно
",да,нет,,,,1.0,нет
2836230795,303,Северный административный округ,Хорошёвский район,"{""value"": ""Парк «Ходынское поле» (основная территория)"", ""global_id"": 911801150}",всепогодная лыжная трасса,Лыжная трасса В ПКиО «Ходынское поле»,"Ходынский бульвар, з/у 1",37.527864,55.787199,Ежедневно: 10:00-22:00,бесплатно,нет,нет,,,,2.3,нет
2836230816,302,Северный административный округ,Хорошёвский район,"{""value"": ""Парк «Ходынское поле» (основная территория)"", ""global_id"": 911801150}",лыжная трасса,Лыжная трасса В ПКиО «Ходынское поле»,"Ходынский бульвар, з/у 1",37.527864,55.787199,Ежедневно: 10:00-22:00,бесплатно,нет,нет,,,,1.6,нет
2836230845,301,Западный административный округ,район Филёвский Парк,"{""value"": ""Парк «Фили»"", ""global_id"": 4331786}",лыжная трасса,Лыжная трасса в парке «Фили»,"Большая Филёвская ул., д. 22, стр. 1",37.492022,55.752829,Круглосуточно,бесплатно,нет,нет,,,,5.0,да
2836230863,300,Западный административный округ,район Филёвский Парк,"{""value"": ""Парк «Фили»"", ""global_id"": 4331786}",лыжная трасса,Лыжная трасса в парке «Фили»,"Большая Филёвская ул., д. 22, стр. 1",37.492022,55.752829,Круглосуточно,бесплатно,нет,нет,,,,3.0,да
2836230901,299,Западный административный округ,район Филёвский Парк,"{""value"": ""Парк «Фили»"", ""global_id"": 4331786}",лыжная трасса,Лыжная трасса в парке «Фили»,"Большая Филёвская ул., д. 22, стр. 1",37.492022,55.752829,Круглосуточно,бесплатно,нет,нет,,,,1.0,да
2836230914,298,Западный административный округ,район Проспект Вернадского,"{""value"": ""Парк «50-летия Октября»"", ""global_id"": 4331863}",лыжная трасса,Лыжная трасса в парке 50-летия Октября,"улица Удальцова, д. 22А",37.503849,55.684556,Круглосуточно,бесплатно,да,нет,,,,2.5,да
2836230930,297,Западный административный округ,район Проспект Вернадского,"{""value"": ""Парк «Олимпийской деревни»"", ""global_id"": 4331831}",лыжная трасса,Лыжная трасса в парке Олимпийской деревни,пересечение Мичуринского проспекта с улицей Лобачевского,37.479856,55.680581,Круглосуточно,бесплатно,нет,нет,,,,5.0,да
2836230942,296,Западный административный округ,район Проспект Вернадского,"{""value"": ""Парк «Олимпийской деревни»"", ""global_id"": 4331831}",лыжная трасса,Лыжная трасса в парке Олимпийской деревни,пересечение Мичуринского проспекта с улицей Лобачевского,37.479856,55.680581,Круглосуточно,бесплатно,нет,нет,,,,3.0,да
2836230949,295,Западный административный округ,район Проспект Вернадского,"{""value"": ""Парк «Олимпийской деревни»"", ""global_id"": 4331831}",лыжная трасса,Лыжная трасса в парке Олимпийской деревни,пересечение Мичуринского проспекта с улицей Лобачевского,37.479856,55.680581,Круглосуточно,бесплатно,нет,нет,,,,1.0,да
2836230951,274,Северо-Западный административный округ,район Северное Тушино,"{""value"": ""Парк «Северное Тушино»"", ""global_id"": 4331867}",лыжная трасса,Лыжная трасса в парке «Северное Тушино»,"ул. Свободы, д. 50-70",37.451019,55.862763,Ежедневно: 09:00-22:00,бесплатно,нет,да,,,,1.0,да
2836230983,275,Северо-Западный административный округ,район Северное Тушино,"{""value"": ""Парк «Северное Тушино»"", ""global_id"": 4331867}",лыжная трасса,Лыжная трасса в парке «Северное Тушино»,"ул. Свободы, д. 50-70",37.451786,55.858927,Ежедневно: 09:00-22:00,бесплатно,нет,да,,,,0.3,да
2836230986,294,Восточный административный округ,район Метрогородок,"{""value"": ""Парк Сокольники"", ""global_id"": 4331866}",лыжная трасса,Лыжная трасса  №1 НП Лосиный остров,"Сокольнический вал, д. 1, стр. 5",37.703400,55.830969,Ежедневно: 10:00-22:00,бесплатно,да,да,,,,24.5,нет
2836231004,276,Восточный административный округ,район Сокольники,"{""value"": ""Парк Сокольники"", ""global_id"": 4331866}",всепогодная лыжная трасса,Лыжная трасса с искусственным оснежением №1,"Сокольнический вал, д. 1, стр. 1",37.668282,55.797735,Ежедневно: 10:00-22:00,бесплатно,да,да,,,,4.5,да
2836231012,293,Восточный административный округ,район Метрогородок,"{""value"": ""Парк Сокольники"", ""global_id"": 4331866}",лыжная трасса,Лыжная трасса  №1 НП Лосиный остров,"Сокольнический вал, д. 1, стр. 3",37.692482,55.848234,Ежедневно: 10:00-22:00,бесплатно,да,да,,,,3.0,да
2836231034,292,Восточный административный округ,район Сокольники,"{""value"": ""Парк Сокольники"", ""global_id"": 4331866}",лыжная трасса,Лыжный прогулочный маршрут №15,"Сокольнический вал, д. 1, стр. 2",37.673187,55.814861,Ежедневно: 10:00-22:00,бесплатно,да,да,,,,0.5,да
2836231060,291,Восточный административный округ,район Сокольники,"{""value"": ""Парк Сокольники"", ""global_id"": 4331866}",лыжная трасса,Лыжный прогулочный маршрут №14,"Сокольнический вал, д. 1, стр. 1",37.663232,55.804332,Ежедневно: 10:00-22:00,бесплатно,да,да,,,,1.5,да
2836231107,290,Восточный административный округ,район Сокольники,"{""value"": ""Парк Сокольники"", ""global_id"": 4331866}",лыжная трасса,Лыжный прогулочный маршрут №13,"Сокольнический вал, д. 1, стр. 1",37.680730,55.805369,Ежедневно: 10:00-22:00,бесплатно,да,да,,,,3.0,да
2836231116,289,Восточный административный округ,район Сокольники,"{""value"": ""Парк Сокольники"", ""global_id"": 4331866}",лыжная трасса,Лыжный прогулочный маршрут №12,"Сокольнический вал, д. 1, стр. 1",37.693074,55.801517,Ежедневно: 10:00-22:00,бесплатно,да,да,,,,3.0,да
2836231126,277,Восточный административный округ,район Сокольники,"{""value"": ""Парк Сокольники"", ""global_id"": 4331866}",всепогодная лыжная трасса,Лыжная трасса с искусственным оснежением №2,"Сокольнический вал, д. 1, стр. 1",37.667157,55.796116,Ежедневно: 10:00-22:00,бесплатно,да,да,,,,1.5,да
2836231135,288,Восточный административный округ,район Сокольники,"{""value"": ""Парк Сокольники"", ""global_id"": 4331866}",лыжная трасса,Лыжный прогулочный маршрут №11,"Сокольнический вал, д. 1, стр. 1",37.690243,55.801422,Ежедневно: 10:00-22:00,бесплатно,да,да,,,,4.0,нет
2836231146,278,Восточный административный округ,район Сокольники,"{""value"": ""Парк Сокольники"", ""global_id"": 4331866}",лыжная трасса,Лыжный прогулочный маршрут №1,"Сокольнический вал, д. 1, стр. 1",37.676964,55.795803,Ежедневно: 10:00-22:00,бесплатно,да,да,,,,2.0,да
2836231151,287,Восточный административный округ,район Сокольники,"{""value"": ""Парк Сокольники"", ""global_id"": 4331866}",лыжная трасса,Лыжный прогулочный маршрут №10,"Сокольнический вал, д. 1, стр. 1",37.664965,55.791592,Ежедневно: 10:00-22:00,бесплатно,да,да,,,,3.0,нет
2836231166,279,Восточный административный округ,район Сокольники,"{""value"": ""Парк Сокольники"", ""global_id"": 4331866}",лыжная трасса,Лыжный прогулочный маршрут №2,"Сокольнический вал, д. 1, стр. 1",37.662285,55.794574,Ежедневно: 10:00-22:00,бесплатно,да,да,,,,2.0,да
2836231167,286,Восточный административный округ,район Сокольники,"{""value"": ""Парк Сокольники"", ""global_id"": 4331866}",лыжная трасса,Лыжный прогулочный маршрут №9,"Сокольнический вал, д. 1, стр. 1",37.669934,55.791907,Ежедневно: 10:00-22:00,бесплатно,да,да,,,,2.0,да
2836231205,285,Восточный административный округ,район Сокольники,"{""value"": ""Парк Сокольники"", ""global_id"": 4331866}",лыжная трасса,Лыжный прогулочный маршрут №8,"Сокольнический вал, д. 1, стр. 1",37.667479,55.795975,Ежедневно: 10:00-22:00,бесплатно,да,да,,,,3.0,да
2836231211,280,Восточный административный округ,район Сокольники,"{""value"": ""Парк Сокольники"", ""global_id"": 4331866}",лыжная трасса,Лыжный прогулочный маршрут №3,"Сокольнический вал, д. 1, стр. 1",37.676217,55.797456,Ежедневно: 10:00-22:00,бесплатно,да,да,,,,2.0,да
2836231233,284,Восточный административный округ,район Сокольники,"{""value"": ""Парк Сокольники"", ""global_id"": 4331866}",лыжная трасса,Лыжный прогулочный маршрут №7,"Сокольнический вал, д. 1, стр. 1",37.668454,55.797679,Ежедневно: 10:00-22:00,бесплатно,да,да,,,,2.0,да
2836231234,281,Восточный административный округ,район Сокольники,"{""value"": ""Парк Сокольники"", ""global_id"": 4331866}",лыжная трасса,Лыжный прогулочный маршрут №4,"Сокольнический вал, д. 1, стр. 1",37.665644,55.810571,Ежедневно: 10:00-22:00,бесплатно,да,да,,,,2.0,да
2836231245,283,Восточный административный округ,район Сокольники,"{""value"": ""Парк Сокольники"", ""global_id"": 4331866}",лыжная трасса,Лыжный прогулочный маршрут №6,"Сокольнический вал, д. 1, стр. 1",37.665417,55.811203,Ежедневно: 10:00-22:00,бесплатно,да,да,,,,10.0,да
2836231252,282,Восточный административный округ,район Сокольники,"{""value"": ""Парк Сокольники"", ""global_id"": 4331866}",лыжная трасса,Лыжный прогулочный маршрут №5,"Сокольнический вал, д. 1, стр. 1",37.665872,55.810635,Ежедневно: 10:00-22:00,бесплатно,да,да,,,,5.5,да
